[
    {
        "iconUrl": "https://www.google.com/s2/favicons?domain=french-stream.ac&sz=%size%",
        "apiVersion": 1,
        "repositoryUrl": "https://codeberg.org/zzikozz/frencharchive",
        "fileSize": 18648,
        "status": 1,
        "language": "fr",
        "authors": [
            "Sarlay",
            "Eddy976",
            "AirbnbEcoPlus"
        ],
        "tvTypes": [
            "TvSeries",
            "Movie"
        ],
        "version": 9,
        "internalName": "FrenchStreamProvider",
        "description": "FRENCH STREAM en plus d'\u00eatre un site efficace et plaisant dispose d'un contenu visuel diversifi\u00e9",
        "url": "https://codeberg.org/zzikozz/frencharchive/raw/branch/Release/compiled/FrenchStreamProvider.cs3",
        "name": "FrenchStreamProvider"
    },
    {
        "iconUrl": "https://wiflix.bio/favicon.ico",
        "apiVersion": 1,
        "repositoryUrl": "https://codeberg.org/zzikozz/frencharchive",
        "fileSize": 26169,
        "status": 1,
        "language": "fr",
        "authors": [
            "Eddy",
            "zzikozz"
        ],
        "tvTypes": [
            "TvSeries",
            "Movie"
        ],
        "version": 5,
        "internalName": "WiflixProvider",
        "description": "WIFLIX, le site gr\u00e2ce auquel vous allez pouvoir regarder vos films et s\u00e9ries pr\u00e9f\u00e9r\u00e9es",
        "url": "https://codeberg.org/zzikozz/frencharchive/raw/branch/Release/compiled/WiflixProvider.cs3",
        "name": "WiflixProvider"
    },
    {
        "iconUrl": "https://www2.hds-streaming.to/favicon.ico",
        "apiVersion": 1,
        "repositoryUrl": "https://codeberg.org/zzikozz/frencharchive",
        "fileSize": 11000,
        "status": 1,
        "language": "fr",
        "authors": [
            "zzikozz"
        ],
        "tvTypes": [
            "Movie"
        ],
        "version": 1,
        "internalName": "HDStoProvider",
        "description": "HDS.to - Film streaming, Voirfilms, Film en streaming, regarder des films en streaming gratuitement sur HDS, Voir films streaming gratuit.",
        "url": "https://codeberg.org/zzikozz/frencharchive/raw/branch/Release/compiled/HDStoProvider.cs3",
        "name": "HDStoProvider"
    },
    {
    "iconUrl": "https://www.google.com/s2/favicons?domain=https://wookafr.org&sz=128",
    "apiVersion": 1,
    "repositoryUrl": "https://codeberg.org/zzikozz/frencharchive",
    "fileSize": 18893 ,
    "status": 1,
    "language": "fr",
    "authors": [
        "zzikozz"
    ],
    "tvTypes": [
        "TvSeries",
        "Movie"
    ],
    "version": 3,
    "internalName": "WookaFRProvider",
    "description": "WookaFR est le meilleur site de streaming gratuit. Regardez WookaFR pour voir vos films, séries, animés en illimités.",
    "url": "https://codeberg.org/zzikozz/frencharchive/raw/branch/Release/compiled/WookaFRProvider.cs3",
    "name": "WookaFRProvider"
},{
    "iconUrl": "https://www.google.com/s2/favicons?domain=https://sadisflix.cyou&sz=128",
    "apiVersion": 1,
    "repositoryUrl": "https://codeberg.org/zzikozz/frencharchive",
    "fileSize": 22754,
    "status": 1,
    "language": "fr",
    "authors": [
        "zzikozz"
    ],
    "tvTypes": [
        "TvSeries",
        "Movie"
    ],
    "version": 3,
    "internalName": "SadisflixProvider",
    "description": "Site de Streaming 100% Gratuit et Français. Découvrez notre catalogue exclusif de Films et Séries en qualité HD. Rejoignez notre communauté pour profiter d'un divertissement illimité et d'une expérience de streaming VF et VOSTFR de qualité.",
    "url": "https://codeberg.org/zzikozz/frencharchive/raw/branch/Release/compiled/SadisflixProvider.cs3",
    "name": "SadisflixProvider"
}
]
